true_sequence,predicted_sequence,correct
VDSSGFQTEPVAADGK,IDQLPSTTEPVADDKK,False
YAGHTASDEVFEK,GAGHTASDEVFEK,False
IITHPNFNGNTLDNDIMLIK,IITHPNFNGNTLDNDIMLIK,True
VWVVEGSK,VDVEESSK,False
VVAVQNQQGK,VVIFAPGIIVPVEKKKKKKKKKKKKKKKKKK,False
DVVTQPQA,VVVTQPQA,False
SLDLDSIIAEVK,VLDLDSITTPVK,False
DFAGAQNLLAK,FAAGAQNLLAK,False
VDSSGFQTEPVAADGK,TDQLPPTTAPVAEGIK,False
NMAGSLVR,NMAGSLVR,True
LSEITYSQNGK,GGGYYTVVLLL,False
AAGAELVGMEDLADQIK,LILAELVGMEDLADQIK,False
VNSDVLTVSTVNSQDQVTQKPLR,VNSDVTTVSTVNSQDQVTQTPRR,False
VGAATEVEMK,VGETTEAEMV,False
YSGFLNNYSDLK,YDGELNNYSDLM,False
AVAAALEQMPR,LVLALLEMMPR,False
IDVLDSDIPADTGVK,VVVIESNTQSSSLLK,False
TLLAVEIK,LLLAVEIK,False
YEDFELGGTFK,YDDFELGGTFK,False
LIGSDDQSDIALLQIQNPSK,LIDSDQQIILLLTQIKKPKK,False
VLLVGQSPNAELSAR,LFYAGEFEEGDLVRR,False
TSSTGLVYQVVEAGK,SSGTGLVYQVVEAKK,False
TQPAMPANMELTDGGQR,TQPAMPANMELTDGGQR,True
LYFEGELIDAATNKPVIK,FYFEGELIDATTNKPVIK,False
GVGEDISDGGNAISGAATK,GVGEDISDGGNAISGAATK,True
QATFEEMIAR,GATFEEMIAR,False
NNVEELLK,GGDEILTK,False
SVDVGTWIAGVGYR,VVDVGTWIAGVGYR,False
MQAASGQLQQSHLLK,GQAASGQLQQSHLLK,False
MIQEQTMLNVADNSGAR,SQQTQGGLLVADNSGRR,False
EEVPDNPPNEIYATAQQK,EEEDDNPNNNNNAAADQK,False
ADIDYNTSEAHTTYGVIGVK,DDIDYNTSEAHTTYGVIGVK,False
ISNGEGVER,GTDDEGVER,False
AGDNAPMAYIELVDR,GFDNAPMAYIELVDR,False
VDRPTAECAAALDK,VDRPTAECAAALDK,True
IFVDEGPSMK,LYVDEGPSMK,False
AEAAPAATGGGIPGMLPWPK,AEAAPAATGGGIPGMLPWPK,True
VVEPLITLAK,LAEPLATLAE,False
IITHPNFNGNTLDNDIMLIK,IITHPNFNGNTLDNDIMLIK,True
VQFIDEPVK,VYYIDEPVK,False
QIVLNCGEEPSVVANTVK,GIVLNCGEEPSVVANTVK,False
GELGIMGTELNSELAK,GELGIMGTELNSELAK,True
INLLDDNQFTR,INLLDDNQFTR,True
VVGQLGQVLGPR,VVGQLGQVLGPR,True
VNINGGAPQR,SDINGGAPQR,False
VSELPVLMGER,SYYGFFFAEVK,False
AEIYAGALSDK,GYYYTVVVEDK,False
DDIGSFPNGER,GGGGSFPNGER,False
GGSYIYSSEEGFR,YYYYIYSSEEGFR,False
KGDVIIGANQQAVK,GDDVIGGANQQAVK,False
DGAYDLVVPSTYYVDK,DDAYDLVVPSTYYVDK,False
NAPPPTKPVETQTQSTVPDK,TAPPPTKPVETQTQSTVPDK,False
AILAAAGIAEDVK,LVLADEGVDDDRK,False
NGAGIENYNFITTAGLK,ALLPVTVVQLLRRRRRR,False
TGQAVELFNQLPQELNDAQR,IGAAVELFNQLPQELNDARR,False
VYLQCFDADELK,GYDECFDADELK,False
VANLEAQLAEAQTR,LDGITAFFDDKKKK,False
IPVVSSPK,VVVVSIPK,False
ENLEALLVALK,LLLLLLLVLLK,False
AILAAAGIAEDVK,DDDDDGTTTDDED,False
IAYVVQTNGGQFPYELR,GYYVVQTNGGVFPYELV,False
AGVLAEVR,LGVLAEVR,False
HAVTEASPMVK,AAVTEASPMVK,False
LAGGVAVIK,VIGDVALIK,False
LQQSSDSELDTLR,GGGLLPIIIIALA,False
VQFIDEPVK,VIFIDEPVK,False
VGVIMQDK,VGVIQQKK,False
GEGFQQAVAAHK,GEGFQQAVAAHK,True
ANPTLPPAR,DDDLYTALL,False
AQAFEQDR,AQAFEQDR,True
NDAADLGAAGGMGGMGGMGGMM,TGAAGAGAAGGGGGMGGMGMMGGR,False
VYAAIEAGDK,VYAAIEAGDK,True
LQLVGVGYR,VVVVGVDTT,False
VVLASNGSQVTVSPR,VVLASNGSQVTVSPR,True
SDVMVVGFDGTPDGEK,VDVMVVGFDGTPDGEK,False
IEPGELYNGTK,GEPGELYNGTK,False
ADNVVLENGGR,VIIVELENGGR,False
AQVGTMPVGSK,VQLLAPPVNSK,False
VAAASAGGIVGSLSQSQLGNLGEK,VAAASAGGIVGMLSQSQLGNLGEK,False
EPQGFVADATINTPNGVLVASGK,TPTGFVADDTNNTPNNVLNASKK,False
YDSSATLDEMK,YDSSATLDEMK,True
FMALGSGVIIDADK,LLLLDQGVLDDKKK,False
IVSEFGR,VTDEFGR,False
NQGTAQNIQLELQDDSGNTLNTGATK,GIGTAENDTLEGDDGSGKTLNKGKKK,False
ALIAQEPLLGAK,LLLAQLPLLGAK,False
VYAGNEHNHAAQQPQVLDI,GMEGNEHNHAAQQPQVLDI,False
NNLDNAVEQLR,TGLDSAQELLR,False
ILADIAVFDK,LLIIIAVLDK,False
WSDGTPVTAQDFVYSWQR,DSDGTPVTAQDFVYSRQR,False
LGLMAGYQESR,GGLMAGYQESR,False
DDTWVTLR,GAAALLLL,False
NQYYGITAGPAYR,GGYGGTTGGPGRR,False
GLSQGSGVAFDNEK,GVSGGFFFAFDNEK,False
AQAFEQDR,AQLFEQDR,False
LMDLGCYR,LMDLGCYR,True
FSSSSGYGGGSSR,FSLLLTTTQQELL,False
ILADIAVFDK,LIIYITTSTK,False
EVFQMALR,LLFDNVIP,False
FGGYAQSGLLAEITPDK,FITGGQLGLLAETTDKK,False
AEEAGVDLVEISPNAEPPVCR,AEEAGVDLVEISPNAEPPVCR,True
IDVVINQVTISDER,VVVVENQGTISDER,False
LALDGDLIR,LALDGDLIR,True
VMILDSGDPNGPLSR,VMILDSGDPNGPLSR,True
HHFENVSIE,GEFENVSIE,False
AEYTPHVDTGDYIIVLNADK,GEYTPHVDTGDYIIVLNADK,False
TSHITVVVSDR,TSHITVVVSDR,True
VSNGQLEDALK,LYYLTFTVLKK,False
LENEIQTYR,TPGGGQPPPPVEEDDDDDDDDDDDDDDDDDD,False
VSDYDGYNQFVVHR,VSDYDGYNQFVVHR,True
QSSDPYIMVR,DSSDPYIMVR,False
TLLAVEIK,LLLAVEIK,False
TQFTGDTASLLVENGR,TQFTGDTASLLVENGR,True
IAIVNMGSLFQQVAQK,LNIVNMGSLFQQVQQK,False
TSHITVVVSDR,TSHITVVVSDR,True
VINGVVELPK,LVLILPPIPR,False
DALPLMENAYR,GALPLMENAYR,False
AILAAAGIAEDVK,LLAAAEEVADKKK,False
VYAAIEAGDK,SYAAIEAGDK,False
FALPQYLK,LVLPSSLK,False
ALNEINQFYQK,LINEINQFYKK,False
FTEGFDIENGK,YSEGFDIENGK,False
AAVEEGVVAGGGVALIR,AALLAVVEEGIVVAIIR,False
TDGDQVQINNVNILGR,GDGDQVQINNVNILGR,False
NLSLLQAR,SLLLLQAR,False
RVEIEVK,AVEIEVK,False
NYTITQR,GMIITQG,False
LATLPTYEEAIAR,AALPPDDEAAAAR,False
NKPGVYTK,VMPGVYTK,False
ITPADLEQNQQAR,TSQEDNENNQRRR,False
DPLDNTYTR,DPLDNTYTR,True
QWILGLPGDATDYK,GGQLGEGNDNSVSS,False
TVLTNSGVLYITDDGK,SINNNSGVLYITDDGK,False
IAATMENAQK,SAQNMDQAQK,False
EGAQVDLTANQLTLATAK,GGAVVDLTANQLTVNNKK,False
VDQLSNDVNAMR,VDQLSNDVNAMR,True
VEIPGVATTASPSSEVGR,VEIPGVATTASPSSEVGR,True
IAGINIPDHK,VDGDDIPDHD,False
DYVPQPAR,DGVDQPAR,False
ILLINPTDSDAVGNAVK,LLLINPTDSDAVGNAVK,False
AVAAGMNPMDLK,LVIAGMNPMDLK,False
AILAAAGIAEDVK,IIDDSGTTDDDKK,False
QGQPIGLGEASNDTWITTK,GGQPIGLGEASNDTWITTK,False
LLVHPSTSPVPK,LGGDDNVKKKKK,False
FNAFGDGVAQLGR,FNVIGGGVAQLGR,False
FVNILMVDGK,FVNILMVDGK,True
DEQDDPLNLK,DDQDDPLNLK,False
SQPEVNDAITK,GDDETEQLLKK,False
VANLEAQLAEAQTR,VADLEAQLAEQQTR,False
GELGIMGTELNSELAK,GELGIMGTELNSELAK,True
GASGYLPEHTLPAK,GASGYLPEHTLPAK,True
AQVGTMPVGSK,SQVGTMPVGSK,False
TIVSDGKPQTDNDTGMISYK,DIVSDGKPQTDNDTGMISYK,False
LGEHNIEVLEGNEQFINAAK,IGEHNIEVLEGNEQFINAAK,False
LGEHNIDVLEGNEQFINAAK,IGEHNIDVLEGNEQFINAAK,False
QDDAMVAFQNFIK,YDDAMVAFQNFIK,False
GMGESNPVTGNTCDNVK,GMGESNPVTGNTCDNVK,True
QILLQIDSLSSGGAAAQSTSGDQSGAAAST,SILQQISSSSGGGAAAQSTSGDQSGAAAST,False
QAQYNFVGASEQLESAHR,GIQFDFVGASELLESRRV,False
NMSTYVDYK,DMSTYVDYK,False
FEPLNATANQDYQR,GSVLLLQQQEERTR,False
DLGEVSGDSCQASNQDSPPSIPTAR,DLGEVSGDSCQASNQDSPPSIPTAR,True
TAVINAASGR,SAVINAASGR,False
YAGHTASDEVFEK,GAGHTASDEVFEK,False
TAVNVIGYTDSTGGHDLNMR,GGVNTIGYTDSTGGHDLNMR,False
SAGTYVQIVAR,GAEDYTANVAR,False
EGTDLFLK,IGDDLFLK,False
GTNTVIVLPIGIGQLGK,ILLLLLPPADDSDPPDE,False
AMAYAQGADYLEQDLVMTK,GYQNNQYADYLEDDKKKKK,False
IAYVVQTNGGQFPYELR,FYYVVNNNGGVFYEELV,False
NHDTGVSPVFAGGVEYAITPEIATR,SGTTSSSPVFAGFVDNIITDEAATR,False
YAGHTASDEVFEK,GAGHTASDEVFEK,False
QNTFFVTNSGVQNR,TNNFFVTNSGVQNR,False
VLYEMDGVPEELAR,VLYEMDGVPEELAR,True
FGQGEAAPVVAPAPAPAPEVQTK,TGQGAAAPVVAPPPAPAPAAATK,False
FGSELLAK,FGSGLLAK,False
VDRPTAECAAALDK,VDRPTAECAAALDK,True
AEEAGVDLVEISPNAEPPVCR,AEEAGVDLVEISPNAEPPVCR,True
LVIESGDSAQSR,VVDESGDSASSR,False
TTVTSGGLQR,TSVTSGGLQR,False
QGEFQYPIYR,FYFFQYPIYR,False
VYAAIEAGDK,VYAAIEAGDK,True
FENMGAQMVK,FENMGAQMVK,True
EPQGFVADATINTPNGVLVASGK,TPGGFVADDTNNTPNGVLAASGK,False
ALVSPEAIGSLIVTK,LLDPPAAVVSLSVQS,False
TNSSSSVLVGPLFGSSAPAPVTVGNTAAPA,TNSSSSVLVGPLFGSSAPAPVTVGNTAAPA,True
IANLFDK,LAGLFDK,False
LFNELGPR,LFNELGPR,True
VDRPTAECAAALDK,GYGPTAECLFLLKK,False
VAAASAGGIVGSLSQSQLGNLGEK,VAAASAGGIVGSLSQSQLGNLGEK,True
AAVEEGVVAGGGVALIR,SVLLVVVEAGGVVALIR,False
INEGPYQFESEGK,GGELPYQFESEGK,False
GEGFQQAVAAHK,GAGFQQAVAAHK,False
FLLQEVLEK,LLLQEVLEK,False
MLGADGVTAGSVLLVDSVNNR,SLGADGVTAGSVLLVDSVNNR,False
GYPNSQYTTDATK,YYPNSQYTTDATK,False
GGDTVTLNETDLTQIPK,VVVVLLIEALLTTALKK,False
VVGQLGQVLGPR,VVGQLGQVLGPR,True
NADLPLAQAAIDR,AALLPLAQAAIDR,False
SFSHQAGASSK,GGDHGAGASYK,False
GVGEDISDGGNAISGAATK,GVGEDISDGGNAISGAATK,True
NAITDTPLLR,GALDDTPLLR,False
KGDVIIGANQQAVK,GDDVIGGADQQAVK,False
FPAWSPYL,GPASSPLLAEEKKKKKKKKKKKDDDDDDDDD,False
YAGHTASDEVFEK,GAGHTASDEVFEK,False
MGWSGEPTTSELK,GQEVGEPTTSELK,False
NNLDNAVEQLR,TEDDNAVEELR,False
AQAFEQDR,AQAFEQDR,True
VEIPGVATTASPSSEVGR,VEIPGVATTASPSSEVGR,True
QTYALPAPPDLSGGAGTSSVSGPQGDILPV,TVGLLPVPPDLSGGAAGSSGSGAA,False
ISELSEGQIDTLR,ISELSEGQIDTLR,True
NECQVMPYPNPADIAR,TAPQVMPYPNPADIAR,False
STPFAAQVAAER,SAPFAAQVAAER,False
NDVSDLIDYDDHTLK,VDLLSLTDYDNHTLK,False
TGVSNTLENEFK,GIVSNTLENEFK,False
AQLQEIAQTK,LQLQEIQQNK,False
VAFQAVIK,VAFQAVIK,True
QATFEEMIAR,GATFEEMIAR,False
QGVDADINGLR,ISVDADINGLR,False
NLEVMVK,SISVQVR,False
TINDYGALTPK,GIVDGGALTPK,False
LVADSITSQLER,VVADSITSQLER,False
GIDGLTAQLK,GIDGLTAQLK,True
TQGLGPANPIASNSTAEGK,TQGLGPANPIASNSTAEGK,True
MQAASGQLQQSHLLK,GQAASGQLQQSHLLK,False
IATMGSTDAASVR,AATMGSTDAASVR,False
VAFQAVIK,VAFQAVIK,True
GNTGENLLALLEGR,GNTGENLLALLEGR,True
QVLFTTPYYDNSALFVGQQGK,FIGGDNNNAAAVVKKKKKKKK,False
KGDVIIGANQQAVK,GDDVIGGANQAAVK,False
VDGLHYFSDNK,VDGLHYFSDNK,True
DNLAAANPQVVK,GATTSSVEEFDT,False
ADIDYNTSEAHTTYGVIGVK,IDIDYNTSEAHTTYGVIGVK,False
DAVIPGLQK,GAALGGTTA,False
TTLAGDTLDNSNGIVWDMAWLYR,GDLTSVVLSSSELYTTRRRRRRR,False
ISELSEGQIDTLR,ISELSEGQIDTLR,True
TLAQQLIDFGEIK,IITNTTIDPPTKT,False
LTGLEGEQLGIVSLR,SGGLAGEVVGIVLLR,False
LPATDGQVK,APATDGVVK,False
SFVAVHNQPGLYVGQQAR,SGVVVHNQPGLYVGQQAR,False
IVQSPDVIPADSEAGR,VVDPPNVLPADEEKGK,False
FSLGAGVGVVEHPYK,FSLGAGVGVVEHPYK,True
VAIANVLK,VAIANVLK,True
ALNEINQFYQK,LQNEINQFYKK,False
GAFVSQVLPNSSAAK,GASVSQVLPNSSAAK,False
LGYNLVVLDSQNNPAK,GGLLLVVLDSQNNKAK,False
ADIAIIATAQNGNK,LQIAIIATAQNGNK,False
QQLGLSPQDSLGTR,SVLGLSPQDSLGTR,False
DYETVYGYQTAGR,YYDVVYPYQTAGR,False
LGEHNIEVLEGNEQFINAAK,LGEHNIDVLEGNEQFINAAK,False
NGLPSETYITCAEANEMAK,GGLPSTTYTTLAEANEMAK,False
FGGYAQSGLLAEITPDK,FITGGQLGLLAEITDDK,False
YAGHTASDEVFEK,GAGHTASDEVFEK,False
DVDGDQTYMR,DVDGDQTYMR,True
TIQQGFEAAK,GIVDGVEARR,False
TIVSDGKPQTDNDTGMISYK,DIVDDGKPQTDNDTGMISYK,False
EGQNLDFVGGAE,GGQNLDFVGGAE,False
GYVVTNNHVVDNATVIK,GNVVTNNHVVDNATVIK,False
AVGDSLEAQQYGIAFPK,LVIEVLEAQQIIIAPPK,False
YNYLINQLNIK,YGGIINQLIIK,False
SPVEPVQSTAPQPK,GPALLVGLLLEAYV,False
GGSYIYSSEEGFR,YYYYIYSSEEGFR,False
QQLGLSPQDSLGTR,GQGGESPQDSLGTR,False
DTVEIQGEVDK,VTVEIQGEVDK,False
GEVVSHIASDNVLGGK,GVVVSHIASDNVLGGK,False
FMALGSGVIIDADK,FIVLGSGVLDDADK,False
LAEVLAAANAR,LVLLLEDDDVR,False
EIGVIPGPLER,LIFSPPTLKKK,False
DPQLQVVTNK,DPQLQVVTNK,True
NECQVMPYPNPADIAR,TEPQVMPYPNPADIAR,False
GASQNIIPSSTGAAK,GVVVNIDPSSTAAAK,False
VAFQAVIK,VAFQAVIK,True
IAYVVQTNGGQFPYELR,FYYVVEFNYYVFDDELA,False
GFSSGSAVVSGGSR,GAEENAPYTAPNYY,False
IAHWVGQGATISDR,AAHWVGQGATISDR,False
ILLINPTDSDAVGNAVK,LLIINPTDSDAVGNAVK,False
GVGEDISDGGNAISGAATK,GVGEDISDGGNTISGAATK,False
VHIINLEK,VYIINVEK,False
FQDVGSFDYGR,YSDVGSFDYGR,False
ALIAQEPLLGAK,LLLAQLPLLGAK,False
QIAMGVDGANEVYNEIR,IIAMGVDGANEVYNEIR,False
KDDGNTIMVVQK,GDDGNTIMVVQK,False
HHFENVSIE,GEFENVSIE,False
AVEGTPFECLK,LLIPTPFECLK,False
SRDPQLQVVTNK,SDPPQLQVVTNK,False
LENSLGGIK,GEGGLGIIK,False
FFWQQTGQDR,FWNQQTGQRR,False
QLAYPINK,LAQDPIDR,False
TSHITVVVSDR,TSHITVVVSDR,True
EAAPAAAPAAAAAK,AAAAAAPPAAKKKK,False
QQEATQPDDVIR,GQGEEGYDTTLL,False
VYAAIEAGDK,VYAAIEAGDK,True
TFTAKPETVK,GQQGQPETVK,False
AQSVVDYLISK,SQYVVDYLISK,False
RYPNNPGAK,YDPNNPGAK,False
NDTYLEYEAFAK,YDTYLEYAAFAK,False
GASAVPLVGR,GASVVPLVGR,False
DYDTDVYPVPVINYEGDNFWFR,YYDDDVYPVPNINEEYDNFRRR,False
FFETQSSK,FWETQSSK,False
TDKPQPVNALLK,LILPELLVLLKK,False
FVVEGDLR,LLLEPQAEPPRRRRRRRRRRRRRRRRRRRRR,False
VATVSLPR,VLLLAAPMPEEERRDRRRDDDDDDDDDDDDD,False
GEVVNAACAVDAGSVDQTVQLGQVR,SVVVSHHHDDDEGSVTVVVINGERR,False
ELANVQDLTVR,VLLNVQDLTVR,False
QAITQLEALDNR,QAITQLEALDNR,True
EAPLAIELDHDK,AEPLAIELDHDK,False
IATMGSTDAASVR,AATMGSTDAASVR,False
AEIYAGALSDK,GYYYTVVVEKK,False
FMVANNAELER,GNVANNAELER,False
AALMMGINR,AAVIDDDPP,False
IAATMENAQK,LADIIDLLEE,False
EAPLAIELDHDK,AAPLAIELDHDK,False
QIAMGVDGANEVYNEIR,IIAMGVDGANEVYNEIR,False
LYFEGELIDAATNKPVIK,FYFEGELIDATTNKPVIK,False
LFNELGPR,FFNELGPR,False
DMTCQEFIDLNPK,GYTCQEFIDLNPK,False
SDVLFNFNK,DDVLFNFNK,False
VGAATEVEMK,VGETINVEMV,False
QVIQLTPQEDESTLK,VVQDLNNNDDVVVLK,False
ASTTMDVQSAADDTGLPMLVVR,SSTTMDVQSAADDTGLPMLVVR,False
VEDALHATR,IDGALDDDF,False
NTGIYLTGLQQVGDFTFEGAAR,SLLETPVVSAIIDESPDDTVRR,False
LVNQEWK,VVNEELV,False
SMQDPIADMLTR,GDQDPIADMLTR,False
QTALVELLK,LTALVELLK,False
LITIAVPR,LVAQAVPS,False
SAQGTAGPDFR,GDEDTTDPDVV,False
WSDGTPVTAQDFVYSWQR,SSDGTPVTAQDFVYSWQR,False
MMISGSMCNR,YMISGSMCNR,False
VYAAIEAGDK,VYAAIEAGDK,True
NQGTAQNIQLELQDDSGNTLNTGATK,GIGTAENITLEIDDGSGNKLNKGKKK,False
LGEHNIDVLEGNEQFINAAK,IGEHNIDVLEGNEQFINAAK,False
EFADNLDSDFK,FFDDNLDSDFK,False
AGDNAPMAYIELVDR,GGDNAPMAYIELVDR,False
QTYALPAPPDLSGGAGTSSVSGPQGDILPV,TAGLLPVPDDLSGGAGISSYSGSA,False
DALPLMENAYR,GAAELNENAYR,False
ADSVASALITQGVDASR,VDSVASALITQGVDASR,False
DYETVYGYQTAGR,YYDDVYPYQTAGR,False
AAVTMPSSK,ATVTMPSSK,False
VYVEGAWNR,VYVEGAWNR,True
EGAQVDLTANQLTLATAK,GGTVVDLTANTTTANNNK,False
IITHPNFNGNTLDNDIMLIKLSSPATLNSR,GTTHPNFNGNTLDNDIMLIK,False
IGTTEVIPGLAEK,GGTPEVIPGLAEK,False
TIVDQELLPYVQVK,AIVDQALLPYVQVK,False
AAAFEGELIPASQIDR,AALLEGLLLPASQIDR,False
GNVEYWVALIQPGK,GLLLLVVALDQPGK,False
TLSDQACQEMDSK,VISDQACQEMDSK,False
VVMTGPSK,VAIAAAAA,False
ELNADDVVFSFDR,GLEEQLLDTLLGR,False
VDQLSNDVNAMR,VDQLSNDVNAMR,True
VVAVQNQQGK,VVIFAPGIIVPVEKKKKKKKKKKKKKKKKKK,False
ALFATGNFEDVR,LQYNGGAFEDLR,False
GYVVTNNHVVDNATVIK,GYVVTNNHVVDNATVIK,True
VDQLSNDVNAMR,VDQLSNDVNAMR,True
NLTSQMVEYGQVK,GLTSQMVEYGQVK,False
ITPADLEQNQQAR,VVLEDNNVLQLVV,False
FGSTSELR,FWSELLLV,False
ILDATNNQLPQDR,VDSETNSQPPQDR,False
VTIIDPNGRPPVR,VDIIDPNGR,False
INDWASIYGVVGVGYGK,YTTTGGGYTTQEESEST,False
TNAQPISVIQIDDPNNPGEK,TNAQGISVIQIDDPNNPGEK,False
GASGYLPEHTLPAK,GESVDLPEHTLPAK,False
VGFFNPIASEK,FYYFDPIASKK,False
VSDYDGYNQFVVHR,DDDYDGYNQFVVHR,False
VILAGEVTTPVTVR,VVLVGDVTTPVTVR,False
ITNLANGR,LTNLANGR,False
SFFDNPQMALAK,FFNDNPQMALAK,False
ELYEVER,ELYEVER,True
TSHITVVVSDR,TSHITVVVSDR,True
TNGSLNAAEATETLR,TDGSLNAAEATETLR,False
ASTTMDVQSAADDTGLPMLVVR,SDDTMDVQSAADDTGLFMLVRR,False
NYITESGK,ILLDPSLE,False
LAEVLAAANAR,LVLLLEDDDRR,False
TGVSNTLENEFK,GIVPPDLENEFK,False
EAYFAAFR,FIYFAAFR,False
TGSLNLYVMDLASGQIR,TGALTTTVLESASEEIN,False
GMGESNPVTGNTCDNVK,GMGESNPVTGNTCDNVK,True
VSDYDGYNQFVVHR,VSDYDGYNQFVVHR,True
TQPAMPANMELTDGGQR,TQPAMPANMELTDGGQR,True
EAGVYMR,AIGVYNR,False
GGSYIYSSEEGFR,YYYYIYSSEEGFR,False
IALYELSK,LAYYDTPD,False
MQAASGQLQQSHLLK,GQAASGQLQQSHLLK,False
SVANSQDIDLVVDANAVAYNSSDVK,VVEDSDDIDLVVDANAVASSSSDVK,False
ATIDGLENMNSPEMVAAK,IEIDGLENMNSPEMVAAK,False
VDDYIIK,YYYFIIK,False
FAVDFVGGDLK,FILIIGGPVVE,False
TSDVNAAPGYQNFVGFETGANGR,TNGVNAAPGQQNFVGFETGANGR,False
NPGNSSPITSESNTVDGK,GGGESTTTTLDYTTGKGK,False
INDLDADEFLEHVAR,INDLDADEFLEHVAR,True
VSDYDGYNQFVVHR,VSDYDGYNQFVVHR,True
DLSSNTQALTGTNTGGAIDGVSTTDR,DLSSNTQALTGTNTGGAIDGVSTTDR,True
AAGAELVGMEDLADQIK,AALAELVGMEDLADKIK,False
TNAENEFVTIK,GGIENEYTTIK,False
GASGYLPEHTLPAK,GESVDLPEHTLPAK,False
GAFVSQVLPNSSAAK,GAFVSQVLPNSSAAK,True
SDEEQTSTTTDTPATPAR,GDEQLIIIPLLFLLILLF,False
YEYSVAEYYTER,YEYSVAEYYTER,True
FNAIGEAVK,FNAIGEAVK,True
NKPGVYTK,VMPGVYTK,False
LTWLNVNDALSIDGK,GGGLNVNDASSDDGK,False
LGEHNIDVLEGNEQFINAAK,IGEHNIDVLEGNEQFINAAK,False
GAFVSQVLPNSSAAK,GAFVSQVLPNSSAAK,True
GNTSLYDHNNNTSDYSK,YNTSLYDHNNNTSDYSK,False
AALESTLAAITESLK,AALESTLAAITESLK,True
VQSMPEINDADK,GDYFPELNDADK,False
TNYDAYYSPGSPLLDTR,TNPPVYPPPVVPLLDER,False
GYNGLAEVGK,GNVVNTTMTT,False
NIGIYPEIK,FIGIYPEIK,False
LVADLIR,LVADLIR,True
VPLPPLTEER,VPLPPLTEER,True
DKPEDAVLDVQGIATVTPAIVQACTQDK,TAPEDAVLDVQGIATVTPAIVQACTQDK,False
DSDTVVVNYK,DDAALLIIFT,False
MPYIGLTGSYR,GQAADVPERRR,False
LNDLEDALQQAK,GGGLSGGGTGFF,False
GAVVFDNTEFR,GAGVNNNTEFR,False
DLSSNTQALTGTNTGGAIDGVSTTDR,DLSSNTQALTGTNTGGAIDGVSTTDR,True
AVAAGMNPMDLK,AVAAGMNPMDLK,True
LAGGVAVIK,VGGQAALIK,False
LVIPPELAYGK,LVLDTTTTVQK,False
NAPPPTKPVETQTQSTVPDK,NAPPPTKPVETQTQSTVPDK,True
VTVPLFEGVQK,VVLPFFEGVKK,False
FWVESEK,FWVESEK,True
TVPMFNEALAELNK,GITGVQEAVKKKKK,False
YQWQNYGAANENEWDGYR,YQWQNYGAANENEWDGYR,True
ANAVLLHSCEVTSGTPGCYR,TGVLSSSDDDEESGTRGIRR,False
VYAGNEHNHAAQQPQVLDI,GEEGNEHNHAAQQPQVLDI,False
DQLIAGVQDAFADK,GQLTSGVTDAFADK,False
SAMEPVWNGK,DDDDTQQSPF,False
DTVEIQGEVDK,GQLEIQEEVKK,False
GNTGENLLALLEGR,GGGGENLLALLEGR,False
VEIPGVATTASPSSEVGR,VDIPGVATTASPSSAVAK,False
YTQLIER,GTQLIER,False
VDQLSNDVNAMR,VDQLSNDVNAMR,True
CKPTSPGR,DDPTPPGR,False
TLYPDAETIK,DIDDGAETIK,False
VIELQGIAGTSAAR,VIELQGIAGTSAAR,True
IITHPNFNGNTLDNDIMLIK,IITHPNFNGNTLDNDIMLIK,True
VFMQPASEGTGIIAGGAMR,GGMQPASEGTGIIAGGAMR,False
TIVDVLDATTTLYNAK,VIVDVLDATTTLYNAK,False
EFLENYLLTDEGLEAVNK,IILEGLLTTDELVKKKKK,False
VDRPTAECAAALDK,VDRPTAECAAALDK,True
NECQVMPYPNPADIAR,TEPQVMPYPNPADIAR,False
VDQLSNDVNAMR,VDQLSNDVNAMR,True
IAIVNMGSLFQQVAQK,LLVVMMGSLFQQVAQK,False
ANLPPLLSVPVGEK,VDDPGLLSGPVSEK,False
LATLLSDASR,LVLDDDDQQL,False
MQAASGQLQQSHLLK,GQQLSGQLQQSHLLK,False
FNSSLSEDGQR,GSELLSEDQQR,False
NAITDTPLLR,GEITDTPLLR,False
AETYFVALDDTGHVINSGYQTCAEYDTDPQ,DETYFVALDDTGHVINSGYQTCAEYDTDPQ,False
ILDATNNQLPQDR,VVDENNSQLPQDR,False
LFDYLTDTGNLPR,FYYTTTDTNVLML,False
RAQSVVDYLISK,VVQSVVDYLISK,False
ATLKPEGQAALDQLYSQLSNLDPK,AVLAPEGQAALDQLYSQLSNLDPK,False
IYGVLER,LYGVLER,False
NLNGQNGTISLR,GLNDSNTTISDR,False
VAINEAIELAK,LAINEAIELAK,False
GVNVLADAVK,VVNVLADAVK,False
GNTGENLLALLEGR,GGTGENLLLLLEGR,False
GASAVPLVGR,GASVVPLVRR,False
GAWVAVVNR,GAWVAVVNR,True
LTGMVQDAQQNK,VTGMVQDAQQNK,False
ITNLANGR,LAALDNGK,False
ANDAAGDGTTTATVLAQAIITEGLK,ITLAAGITVAALLLLAQAIKKAKKK,False
VDQLSNDVNAMR,VDQLSNDVNAMR,True
VTVEGHADER,VTVEGHADER,True
DEVPWWNVVGDR,GAQPPQQVAGDR,False
DGSVVVLGYTDR,VGDVVVLGYTDR,False
GLTNMALDDSALQGFFGVDR,SLTNMALDDSALQGFFGVDR,False
VSQALDILTYTNK,VVQALDILTYTNK,False
ELYEVER,EIYEVER,False
VDQLSNDVNAMR,VDQLSNDVNAMR,True
